epoch,train_loss,val_loss
0,1.894947240452395,0.20909146321523647
